school,la,urn,KS4_Outcome,OFSTED,OFSTED_Teaching,Income,Teaching,0ly,TA,Premises,Office,Catering,0ort,Energy,Learning_Resources,ICT_Resources,Consultancy,Other,Expenditure,,,,,,,,,,,,,,,,,,,,,,,,
Hayes School - Bromley,Bromley,3055407,82%, Outstanding , Outstanding ,5518.856448,0,40.75425791,0,628.9537713,765.8150852,17.63990268,13.38199513,80.90024331,133.2116788,0,21.28953771,41.36253041,5626.520681,,,,,,,,,,,,,,,,,,,,,,,,
Wallington High School for Girls,Sutton,3195405,100%, Good , Good ,5180.30303,2855.30303,39.39393939,459.8484848,287.1212121,740.9090909,25,22.72727273,75.75757576,136.3636364,103.030303,0,730.3030303,5475.757576,,,,,,,,,,,,,,,,,,,,,,,,
Townley Grammar School for Girls,Bexley,3034001,100%, Good , Good ,5247.694335,0,86.95652174,414.3610013,332.6745718,465.7444005,9.222661397,21.73913043,54.67720685,143.6100132,0,0,181.1594203,4754.940711,,,,,,,,,,,,,,,,,,,,,,,,
Wallington County Grammar School,Sutton,3195407,99%, Good , Good ,5290.149893,3126.33833,80.29978587,382.2269807,343.6830835,1021.413276,-154.1755889,59.95717345,79.22912206,250.5353319,7.494646681,0,198.0728051,5395.074946,,,,,,,,,,,,,,,,,,,,,,,,
Beaverwood School for Girls,Bromley,3055408,69%, Good , Good ,5302.641509,3140.377358,106.4150943,310.9433962,514.7169811,409.0566038,30.18867925,27.9245283,73.20754717,343.3962264,0,126.7924528,240,5323.018868,,,,,,,,,,,,,,,,,,,,,,,,
Chislehurst and Sidcup Grammar School,Bexley,3034009,100%, Good , Good ,5413.483146,2987.265918,89.88764045,263.670412,452.4344569,394.7565543,-1.498127341,48.68913858,88.38951311,534.8314607,7.490636704,80.14981273,232.9588015,5179.026217,,,,,,,,,,,,,,,,,,,,,,,,
Langley Park School for Girls,Bromley,3055412,83%, Good , Good ,5545.112782,3177.318296,117.7944862,365.914787,224.9373434,618.4210526,43.23308271,72.68170426,82.0802005,125.3132832,117.7944862,46.9924812,162.2807018,5154.761905,,,,,,,,,,,,,,,,,,,,,,,,
Greenshaw High School,Sutton,3194007,76%, Good , Good ,5584.399756,2969.530774,10.35953687,776.9652651,631.9317489,701.4015844,59.1102986,56.67276051,65.20414381,297.9890311,0,0,184.6435101,5753.808653,,,,,,,,,,,,,,,,,,,,,,,,
Sutton Grammar School for Boys,Sutton,3195404,99%, Outstanding , Outstanding ,5596.22196,3306.965762,108.6186541,302.2432113,446.2809917,858.3234947,5.903187721,22.43211334,129.8701299,198.3471074,0,0,376.6233766,5755.608028,,,,,,,,,,,,,,,,,,,,,,,,
St Catherine's Catholic School for Girls,Bexley,3035402,80%, Good , Good ,5623.584906,2940.566038,133.0188679,295.2830189,580.1886792,749.0566038,35.8490566,211.3207547,75.47169811,273.5849057,173.5849057,6.603773585,87.73584906,5562.264151,,,,,,,,,,,,,,,,,,,,,,,,
Newstead Wood School,Bromley,3055405,99%, Outstanding , Outstanding ,5642.857143,3260.617761,104.2471042,268.3397683,270.2702703,686.2934363,5.791505792,76.25482625,89.76833977,161.1969112,27.99227799,6.756756757,630.3088803,5587.837838,,,,,,,,,,,,,,,,,,,,,,,,
Hurstmere Foundation School for Boys,Bexley,3035404,61%, Good , Good ,5649.2891,3418.957346,16.11374408,467.2985782,350.7109005,490.9952607,24.64454976,16.11374408,93.83886256,392.4170616,20.85308057,78.67298578,187.6777251,5558.293839,,,,,,,,,,,,,,,,,,,,,,,,
Wilson's School,Sutton,3195400,99%, Outstanding , Outstanding ,5665.116279,3089.302326,156.2790698,0,471.627907,283.7209302,-130.2325581,6.511627907,101.3953488,496.744186,109.7674419,7.441860465,218.6046512,4909.767442,,,,,,,,,,,,,,,,,,,,,,,,
Darrick Wood School,Bromley,3055418,80%, Outstanding , Outstanding ,5680.023571,3344.136712,40.07071302,265.1738362,464.3488509,684.1484973,33.58868592,146.7295227,73.07012375,259.8703595,90.1591043,0,550.3830289,5951.679434,,,,,,,,,,,,,,,,,,,,,,,,
Rivers Academy West London,Hounslow,3134022,50%, Good , Good ,5718.80651,3280.289331,145.5696203,637.4321881,389.6925859,508.1374322,50.63291139,33.45388788,84.99095841,180.8318264,202.5316456,104.8824593,258.5895118,5877.034358,,,,,,,,,,,,,,,,,,,,,,,,
Carshalton High School for Girls,Sutton,3194002,57%, Good , Good ,5719.968799,3088.923557,0,391.575663,565.5226209,612.324493,55.38221529,41.34165367,0,284.7113885,0,1.560062402,567.8627145,5609.204368,,,,,,,,,,,,,,,,,,,,,,,,
Charles Darwin School,Bromley,3055409,69%, Good , Good ,5741.581832,3610.023493,28.97415818,486.2960063,355.5207518,599.0602976,37.5880971,54.81597494,57.94831637,205.9514487,29.75724354,0,341.4252153,5807.361002,,,,,,,,,,,,,,,,,,,,,,,,
Chadwell Heath Academy The,Redbridge,3175400,82%, Outstanding , Outstanding ,5751.597444,3121.405751,137.3801917,500,329.8722045,393.7699681,44.7284345,33.54632588,114.2172524,147.7635783,70.28753994,0,446.485623,5339.456869,,,,,,,,,,,,,,,,,,,,,,,,
Cheam High School,Sutton,3195403,75%, Outstanding , Good ,5759.071118,2716.013546,59.02273827,970.4886309,516.6908563,574.7460087,23.22206096,30.96274794,66.76342525,334.7847121,0,0,330.9143687,5623.609095,,,,,,,,,,,,,,,,,,,,,,,,
Tolworth Girls’ School and Sixth Form,Kingston upon Thames,3144011,67%, Good , Good ,5780.373832,2567.757009,216.5109034,181.4641745,458.7227414,495.3271028,33.48909657,58.41121495,77.88161994,271.0280374,0,56.85358255,418.2242991,4835.669782,,,,,,,,,,,,,,,,,,,,,,,,
Swakeleys School for Girls,Hillingdon,3125410,75%, Outstanding , Outstanding ,5785.392245,3311.091073,134.355275,438.232642,695.2209197,1036.970243,82.95761948,72.13706041,0,94.67989179,0,0,2279.531109,8145.175834,,,,,,,,,,,,,,,,,,,,,,,,
Coopers Technology College,Bromley,3055401,70%, Good , Good ,5810.344828,3385.775862,45.97701149,436.0632184,282.3275862,939.6551724,45.97701149,26.58045977,82.61494253,109.1954023,0,92.67241379,513.6494253,5960.488506,,,,,,,,,,,,,,,,,,,,,,,,
Beths Grammar School,Bexley,3035403,97%, Outstanding , Outstanding ,5810.78905,2960.547504,74.07407407,489.5330113,453.3011272,763.2850242,18.51851852,37.84219002,82.12560386,142.5120773,202.8985507,4.830917874,886.47343,6115.942029,,,,,,,,,,,,,,,,,,,,,,,,
Nower Hill High School,Harrow,3104024,68%, Outstanding , Outstanding ,5820.815451,3394.849785,130.9012876,571.3519313,847.1030043,817.5965665,41.84549356,9.656652361,115.3433476,112.6609442,0,0,207.0815451,6248.390558,,,,,,,,,,,,,,,,,,,,,,,,
Overton Grange School,Sutton,3194019,56%, Req Improve , Req Improve ,5822.605965,3383.045526,161.6954474,749.6075353,355.5729984,607.5353218,-47.88069074,69.85871272,93.40659341,215.0706436,0,62.00941915,215.855573,5865.77708,,,,,,,,,,,,,,,,,,,,,,,,
Bexley Grammar School,Bexley,3034000,99%, Outstanding , Outstanding ,5823.98317,3542.075736,4.908835905,404.628331,307.1528752,715.9887798,-2.103786816,82.74894811,72.23001403,185.1332398,84.85273492,94.67040673,373.0715288,5865.357644,,,,,,,,,,,,,,,,,,,,,,,,
Enfield Grammar School,Enfield,3085404,67%, Good , Good ,5839.749329,3472.694718,0,622.2023277,458.3706356,557.743957,72.51566697,44.76275739,0,194.2703671,0,5.371530886,262.3097583,5690.241719,,,,,,,,,,,,,,,,,,,,,,,,
Palmer Catholic Academy The,Redbridge,3174800,69%, Good , Good ,5857.594937,3664.556962,129.7468354,0,601.2658228,632.9113924,49.05063291,410.6012658,72.78481013,219.9367089,0,0,-130.5379747,5738.924051,,,,,,,,,,,,,,,,,,,,,,,,
Holy Cross School The,Kingston upon Thames,3145402,79%, Outstanding , Outstanding ,5863.539446,3156.716418,110.8742004,401.9189765,286.7803838,493.6034115,211.08742,36.24733475,86.35394456,684.434968,0,0,189.7654584,5657.782516,,,,,,,,,,,,,,,,,,,,,,,,
Bullers Wood School,Bromley,3055400,86%, Outstanding , Good ,5866.053841,3493.762311,68.28627708,447.800394,447.800394,330.9258043,151.0177282,18.38476691,66.31648063,482.6001313,0,0,386.0801051,5892.974393,,,,,,,,,,,,,,,,,,,,,,,,
Ursuline Academy Ilford The,Redbridge,3174605,85%, Good , Good ,5871.465296,3065.299486,217.2724936,623.6092545,448.1953728,830.4768638,-104.1131105,65.55269923,73.26478149,652.9562982,0,15.42416452,201.7994859,6089.737789,,,,,,,,,,,,,,,,,,,,,,,,
Park High School,Harrow,3104021,73%, Outstanding , Outstanding ,5889.705882,3389.705882,129.2892157,328.4313725,460.7843137,1004.289216,9.803921569,83.33333333,85.17156863,153.7990196,0,0,142.7696078,5787.377451,,,,,,,,,,,,,,,,,,,,,,,,
Tiffin Girls' School The,Kingston upon Thames,3144010,99%, Outstanding , Outstanding ,5895.73991,3116.591928,91.92825112,280.2690583,844.1704036,747.7578475,-16.8161435,63.90134529,93.04932735,571.7488789,0,0,366.5919283,6159.192825,,,,,,,,,,,,,,,,,,,,,,,,
Haydon School,Hillingdon,3125401,70%, Outstanding , Outstanding ,5938.886151,3169.048793,229.6697881,555.9388862,337.1118778,493.3464761,24.64268112,122.720552,68.0137999,322.8191227,0,54.21389847,946.7718088,6324.297684,,,,,,,,,,,,,,,,,,,,,,,,
Emerson Park School,Havering,3114006,69%, Good , Good ,5945.320715,3152.471083,264.9842271,659.3059937,319.6635121,723.4490011,51.52471083,59.93690852,84.12197687,427.9705573,96.7402734,0,450.0525762,6290.22082,,,,,,,,,,,,,,,,,,,,,,,,
Langley Park School for Boys,Bromley,3055402,83%, Outstanding , Good ,5953.68171,3463.182898,89.66745843,504.1567696,179.3349169,880.0475059,21.37767221,25.53444181,118.7648456,197.7434679,137.7672209,26.12826603,388.9548694,6032.660333,,,,,,,,,,,,,,,,,,,,,,,,
Shirley High School Performing Arts College,Croydon,3065407,63%, Req Improve , Req Improve ,5977.889447,3281.407035,119.5979899,408.040201,318.5929648,319.5979899,8.040201005,38.19095477,82.4120603,226.1306533,96.48241206,24.12060302,1039.19598,5961.809045,,,,,,,,,,,,,,,,,,,,,,,,
Ashmole Academy,Barnet,3025406,77%, Outstanding , Good ,5995.336442,3320.453031,15.32311792,661.5589607,474.350433,925.3830779,21.31912059,50.63291139,95.26982012,374.4170553,0,0,165.2231845,6103.930713,,,,,,,,,,,,,,,,,,,,,,,,
Vyners School,Hillingdon,3125402,74%, Good , Good ,5996.292864,3437.442076,0.926784059,632.9935125,492.1223355,420.7599629,20.3892493,24.09638554,76.92307692,529.1936979,0,0,294.7173309,5929.564411,,,,,,,,,,,,,,,,,,,,,,,,
Gumley House RC Convent School FCJ,Hounslow,3135400,71%, Good , Good ,6082.300885,3227.433628,160.1769912,661.9469027,284.0707965,721.2389381,26.54867257,91.15044248,91.15044248,208.8495575,72.56637168,7.96460177,223.0088496,5776.106195,,,,,,,,,,,,,,,,,,,,,,,,
Bishopshalt School,Hillingdon,3125400,64%, Good , Good ,6090.839107,3501.154734,130.8698999,421.8629715,327.9445727,602.7713626,70.05388761,50.03849115,80.06158584,257.8906851,92.37875289,76.98229407,284.0646651,5896.073903,,,,,,,,,,,,,,,,,,,,,,,,
Queen Elizabeth's Girls' School - Barnet,Barnet,3024208,74%, Req Improve , Req Improve ,6098.639456,3522.108844,272.1088435,220.2380952,383.5034014,801.8707483,41.66666667,76.53061224,122.4489796,246.5986395,0,0,181.122449,5868.197279,,,,,,,,,,,,,,,,,,,,,,,,
Albany The - Havering,Havering,3114038,60%, Req Improve , Req Improve ,6145.762712,3038.418079,253.1073446,633.8983051,853.1073446,462.1468927,38.4180791,46.32768362,105.0847458,633.8983051,0,0,162.7118644,6227.118644,,,,,,,,,,,,,,,,,,,,,,,,
Sacred Heart of Mary Girls' School,Havering,3115403,85%, Outstanding , Outstanding ,6177.750907,3822.249093,123.337364,486.0943168,301.0882709,731.5598549,26.60217654,26.60217654,114.8730351,240.6287787,73.76058041,0,250.3022975,6197.097944,,,,,,,,,,,,,,,,,,,,,,,,
Southborough High School,Kingston upon Thames,3144009,59%, Good , Good ,6200.564972,3322.033898,73.44632768,343.220339,454.8022599,1016.949153,-29.66101695,317.7966102,145.480226,295.1977401,0,62.14689266,269.7740113,6271.186441,,,,,,,,,,,,,,,,,,,,,,,,
Norbury Manor Business and Enterprise College for Girls,Croydon,3065406,65%, Good , Good ,6240.932642,4069.084629,549.2227979,0,52.67702936,272.0207254,208.9810017,43.17789292,104.4905009,639.8963731,37.99654577,0,60.44905009,6037.996546,,,,,,,,,,,,,,,,,,,,,,,,
Highams Park School,Waltham Forest,3205400,65%, Good , Good ,6255.54851,3396.322131,83.06911858,518.0722892,658.84591,766.6455295,64.04565631,49.4610019,0,210.5263158,131.8960051,1.902346227,261.2555485,6142.041852,,,,,,,,,,,,,,,,,,,,,,,,
Ravensbourne School The,Bromley,3055413,73%, Good , Good ,6266.803841,3430.727023,71.33058985,479.4238683,365.569273,574.7599451,15.77503429,25.37722908,92.59259259,272.2908093,31.55006859,0,197.5308642,5556.927298,,,,,,,,,,,,,,,,,,,,,,,,
Glenthorne High School,Sutton,3194011,77%, Outstanding , Outstanding ,6272.924188,3303.249097,139.3501805,488.8086643,353.0685921,794.9458484,13.71841155,69.31407942,76.53429603,366.7870036,0,57.76173285,140.7942238,5804.33213,,,,,,,,,,,,,,,,,,,,,,,,
Coopers' Company and Coborn School The,Havering,3115402,86%, Good , Good ,6295.176386,3280.777538,154.787617,300.9359251,601.1519078,537.0770338,-2.159827214,48.95608351,116.6306695,736.5010799,91.43268539,17.27861771,144.7084233,6028.077754,,,,,,,,,,,,,,,,,,,,,,,,
St Edward's Church of England School Sixth Form College,Havering,3114600,63%, Req Improve , Req Improve ,6301.636789,3586.90569,256.4302416,738.893219,519.8752923,758.3787997,9.353078722,32.73577553,98.98674981,69.36866719,108.3398285,0,271.2392829,6450.506625,,,,,,,,,,,,,,,,,,,,,,,,
Uxbridge High School,Hillingdon,3125404,45%, Req Improve , Req Improve ,6312.700965,2894.694534,106.9131833,330.3858521,663.9871383,902.733119,83.60128617,165.5948553,70.73954984,177.6527331,30.54662379,98.87459807,374.5980707,5900.321543,,,,,,,,,,,,,,,,,,,,,,,,
Christ's College Finchley,Barnet,3024211,51%, Req Improve , Req Improve ,6325.732899,3853.420195,62.97502714,460.369164,372.4212812,692.7252986,52.11726384,132.4647123,119.4353963,317.0466884,0,0,192.1824104,6255.157438,,,,,,,,,,,,,,,,,,,,,,,,
Carshalton Boys Sports College,Sutton,3194000,57%, Good , Good ,6328.358209,3202.321725,40.63018242,697.3466003,467.6616915,732.172471,174.1293532,33.99668325,82.08955224,455.2238806,0,27.36318408,800.1658375,6713.101161,,,,,,,,,,,,,,,,,,,,,,,,
Copthall School,Barnet,3024210,58%, Good , Good ,6367.753623,3244.565217,713.7681159,579.7101449,362.3188406,376.8115942,56.15942029,179.3478261,86.95652174,481.884058,79.71014493,0,270.8333333,6432.065217,,,,,,,,,,,,,,,,,,,,,,,,
Drayton Manor High School,Ealing,3075403,67%, Outstanding , Outstanding ,6382.057716,3409.033877,0,0,284.1907152,1354.454203,91.59347553,20.70263488,0,494.3538269,0,21.32998745,277.2898369,5952.948557,,,,,,,,,,,,,,,,,,,,,,,,
Claremont High School Academy Trust,Brent,3045400,75%, Outstanding , Good ,6397.234444,3901.319925,109.3651791,311.7536141,285.9836581,736.0150849,-57.82526713,326.2099309,94.28032684,345.0659962,0,0,541.1690761,6593.337524,,,,,,,,,,,,,,,,,,,,,,,,
Hall Mead School,Havering,3114000,73%, Outstanding , Outstanding ,6424.116424,3688.149688,162.1621622,692.3076923,872.1413721,808.7318087,23.90852391,165.2806653,81.08108108,456.3409563,0,7.276507277,128.8981289,7086.278586,,,,,,,,,,,,,,,,,,,,,,,,
Tiffin School (Boys),Kingston upon Thames,3145400,99%, Outstanding , Outstanding ,6427.643785,3252.319109,30.6122449,301.4842301,631.7254174,821.8923933,-1.85528757,46.38218924,96.47495362,603.8961039,37.10575139,39.88868275,283.8589981,6143.784787,,,,,,,,,,,,,,,,,,,,,,,,
St Columba's Catholic Boys' School,Bexley,3035401,65%, Good , Good ,6441.466855,3397.7433,330.0423131,612.1297602,724.9647391,599.4358251,43.7235543,121.2976023,88.85754584,270.8039492,238.3638928,135.4019746,-97.32016925,6465.444288,,,,,,,,,,,,,,,,,,,,,,,,
Bishop Ramsey,Hillingdon,3124600,78%, Outstanding , Outstanding ,6489.139179,3465.808528,54.70635559,510.8608206,320.9975865,537.4094932,14.48109413,172.9686243,86.08205953,629.9275945,0,0,309.7345133,6102.976669,,,,,,,,,,,,,,,,,,,,,,,,
Erith School,Bexley,3034022,43%, Req Improve , Req Improve ,6496.708861,3312.405063,63.29113924,649.1139241,342.278481,627.3417722,98.73417722,224.8101266,74.43037975,204.0506329,92.15189873,113.4177215,329.1139241,6131.139241,,,,,,,,,,,,,,,,,,,,,,,,
Salvatorian Roman Catholic College,Harrow,3105400,52%, Req Improve , Req Improve ,6505.509642,1878.787879,195.5922865,834.7107438,593.6639118,925.6198347,-122.5895317,59.22865014,0,196.969697,0,0,422.8650138,4984.848485,,,,,,,,,,,,,,,,,,,,,,,,
Campion School The - Hornchurch,Havering,3114700,84%, Good , Good ,6526.987242,3534.838077,125.6133464,560.3532875,828.2630029,615.3091266,84.39646712,18.64573111,83.41511286,584.8871443,0,0,-263.0029441,6172.718351,,,,,,,,,,,,,,,,,,,,,,,,
East Barnet School,Barnet,3024212,71%, Good , Good ,6547.511312,3913.273002,81.4479638,594.2684766,393.6651584,454.7511312,12.82051282,162.1417798,87.4811463,377.0739065,0,18.85369532,315.2337858,6411.010558,,,,,,,,,,,,,,,,,,,,,,,,
Hollyfield School and Sixth Form Centre The,Kingston upon Thames,3145404,60%, Req Improve , Req Improve ,6576.438849,2709.532374,0,415.4676259,296.7625899,447.8417266,7.194244604,36.8705036,67.44604317,336.3309353,21.58273381,40.4676259,248.2014388,4627.697842,,,,,,,,,,,,,,,,,,,,,,,,
Bentley Wood High School,Harrow,3104032,77%, Outstanding , Outstanding ,6605,3348,223,424,641,1152,121,74,63,90,0,0,161,6297,,,,,,,,,,,,,,,,,,,,,,,,
Queens Park Community School,Brent,3045403,51%, Good , Good ,6628.762542,4414.715719,702.3411371,858.6956522,458.1939799,767.5585284,76.08695652,26.75585284,142.9765886,193.1438127,0,135.451505,143.812709,7919.732441,,,,,,,,,,,,,,,,,,,,,,,,
Kingsmead School - Enfield,Enfield,3084015,61%, Good , Good ,6637.113402,3936.769759,184.8797251,288.6597938,503.0927835,673.5395189,120.9621993,101.0309278,84.53608247,294.1580756,0,27.49140893,272.8522337,6487.972509,,,,,,,,,,,,,,,,,,,,,,,,
Chiswick School,Hounslow,3134020,67%, Good , Good ,6679.245283,3356.918239,176.8867925,906.4465409,1069.18239,795.5974843,60.53459119,53.4591195,97.48427673,430.0314465,0,59.74842767,-34.59119497,6971.698113,,,,,,,,,,,,,,,,,,,,,,,,
Mill Hill County High School,Barnet,3025402,76%, Good , Good ,6691.408533,3423.14436,227.936879,752.7761543,512.565751,776.7387493,63.70543542,112.2150789,99.35710111,361.7767387,0,0,196.3763881,6526.592636,,,,,,,,,,,,,,,,,,,,,,,,
Beal Multi Academy Trust,Redbridge,3174000,48%, Good , Good ,6695.50931,3441.401972,263.9649507,538.8828039,381.1610077,703.1763417,99.67141292,49.28806134,143.483023,121.577218,0,60.24096386,246.4403067,6049.288061,,,,,,,,,,,,,,,,,,,,,,,,
Abbs Cross Academy and Art College,Havering,3115401,55%, Good , Good ,6728.351127,3290.628707,175.5634638,623.9620403,373.6654804,795.9667853,41.51838671,23.72479241,0,737.8410439,0,86.59549229,321.4709371,6470.937129,,,,,,,,,,,,,,,,,,,,,,,,
Teddington School,Richmond upon Thames,3184013,74%, Good , Good ,6801.387684,3530.789245,212.4891587,689.5056375,465.7415438,774.501301,-361.6652212,84.1283608,121.4223764,272.3330442,0,87.59757155,767.5628794,6644.405898,,,,,,,,,,,,,,,,,,,,,,,,
Riddlesdown Collegiate,Croydon,3065400,67%, Good , Good ,6812.400636,3973.502915,41.86539481,594.0646529,473.2379438,1231.584526,60.94329624,31.26656068,89.03020668,497.0853206,122.4165342,0,1024.377318,8139.374669,,,,,,,,,,,,,,,,,,,,,,,,
Richard Challoner School,Kingston upon Thames,3145401,71%, Outstanding , Outstanding ,6833.163784,4249.23703,0,0,18.31129196,1433.367243,-63.07222787,25.43234995,0,702.9501526,0,146.4903357,106.8158698,6619.532045,,,,,,,,,,,,,,,,,,,,,,,,
Brittons Academy Trust The,Havering,3114003,48%, Unsatisfactory , Unsatisfactory ,6866,2966,712,859,693,939,73,52,128,516,0,0,217,7155,,,,,,,,,,,,,,,,,,,,,,,,
Wren Academy - North Finchley,Barnet,3026906,80%, Outstanding , Outstanding ,6887.88222,3429.218573,21.51755379,593.4314836,349.9433749,1036.240091,329.5583239,236.6930917,154.0203851,411.0985277,0,0,436.01359,6997.734994,,,,,,,,,,,,,,,,,,,,,,,,
Cranford Community College,Hounslow,3134029,74%, Outstanding , Outstanding ,6920.657613,3315.939957,397.4267334,397.4267334,513.2237312,1052.180129,100.0714796,212.2944961,203.0021444,95.78270193,0,355.968549,303.073624,6946.390279,,,,,,,,,,,,,,,,,,,,,,,,
Sacred Heart High School - Hammersmith and Fulham,Hammersmith and Fulham,2054620,91%, Outstanding , Outstanding ,6930.147059,3202.205882,3.676470588,392.1568627,469.3627451,713.2352941,37.99019608,53.92156863,106.6176471,682.5980392,0,13.48039216,382.3529412,6057.598039,,,,,,,,,,,,,,,,,,,,,,,,
Frances Bardsley School for Girls The,Havering,3115400,59%, Good , Good ,6942.519685,4329.133858,811.8110236,0,54.33070866,315.7480315,33.85826772,20.47244094,76.37795276,544.8818898,65.35433071,34.64566929,-71.65354331,6214.96063,,,,,,,,,,,,,,,,,,,,,,,,
Lampton School,Hounslow,3134027,72%, Outstanding , Outstanding ,6963.380282,3081.690141,0,492.9577465,485.915493,458.4507042,74.64788732,67.6056338,95.07042254,633.8028169,288.028169,0,301.4084507,5979.577465,,,,,,,,,,,,,,,,,,,,,,,,
Hatch End High School,Harrow,3104020,62%, Good , Good ,6981.016534,3308.022045,214.9418249,732.3943662,1521.73913,747.0912431,85.11941212,0,110.8389467,283.5272505,0,0,233.312921,7236.98714,,,,,,,,,,,,,,,,,,,,,,,,
"Waldegrave Trust, The",Richmond upon Thames,3184021,86%, Outstanding , Outstanding ,6982.982983,3936.936937,119.1191191,660.6606607,310.3103103,763.7637638,37.03703704,51.05105105,46.04604605,169.1691692,0,100.1001001,519.5195195,6713.713714,,,,,,,,,,,,,,,,,,,,,,,,
Alexandra Park School,Haringey,3094036,72%, Outstanding , Outstanding ,6984.869326,3654.057772,162.3108666,832.8748281,393.3975241,629.2984869,6.189821183,59.8349381,92.15955983,377.5790922,124.4841816,20.63273728,351.4442916,6704.264099,,,,,,,,,,,,,,,,,,,,,,,,
St Joseph's College - Croydon,Croydon,3065402,64%, Req Improve , Req Improve ,7010.091743,4333.944954,144.9541284,308.2568807,663.3027523,628.440367,70.64220183,47.70642202,153.2110092,299.0825688,148.6238532,82.56880734,251.3761468,7132.110092,,,,,,,,,,,,,,,,,,,,,,,,
Isleworth and Syon School for Boys,Hounslow,3134500,63%, Good , Good ,7021.912351,2965.139442,0,388.4462151,407.3705179,769.9203187,155.3784861,98.60557769,70.71713147,297.8087649,41.83266932,96.61354582,224.1035857,5515.936255,,,,,,,,,,,,,,,,,,,,,,,,
Queen Elizabeth's School - Barnet,Barnet,3025401,100%, Outstanding , Outstanding ,7029.686175,3336.726039,8.481764207,193.3842239,394.4020356,1606.446141,11.02629347,37.31976251,83.96946565,129.7709924,0,30.53435115,716.7090755,6548.770144,,,,,,,,,,,,,,,,,,,,,,,,
Orleans Park School,Richmond upon Thames,3184010,70%, Outstanding , Outstanding ,7029.94012,3385.229541,243.5129741,725.5489022,766.4670659,1183.632735,-11.9760479,40.91816367,108.7824351,132.7345309,87.8243513,0,202.5948104,6865.269461,,,,,,,,,,,,,,,,,,,,,,,,
Lady Margaret School,Hammersmith and Fulham,2054632,81%, Outstanding , Good ,7040,3732.413793,125.5172414,365.5172414,542.0689655,735.1724138,22.06896552,44.13793103,91.03448276,260.6896552,0,8.275862069,637.2413793,6564.137931,,,,,,,,,,,,,,,,,,,,,,,,
Kingsbury High School,Brent,3045402,77%, Good , Good ,7113.949923,4131.323454,0,0,411.3438937,1882.984159,83.29075115,12.26366888,0,496.6785897,0,98.10935105,90.444558,7206.438426,,,,,,,,,,,,,,,,,,,,,,,,
Canons High School,Harrow,3104022,71%, Outstanding , Outstanding ,7128.024194,3618.951613,360.8870968,727.8225806,431.4516129,802.4193548,96.77419355,52.41935484,91.73387097,302.4193548,0,0,219.7580645,6704.637097,,,,,,,,,,,,,,,,,,,,,,,,
St Mark's Church of England Academy,Merton,3156906,52%, Good , Good ,7184.371184,3462.759463,349.2063492,978.021978,470.0854701,780.2197802,101.3431013,51.28205128,173.3821734,275.9462759,50.06105006,54.94505495,372.4053724,7119.65812,,,,,,,,,,,,,,,,,,,,,,,,
Alperton Community School,Brent,3045405,44%, Req Improve , Req Improve ,7205.98717,3568.781183,391.3043478,886.6714184,525.3029223,546.6856736,0,87.66928011,83.39272986,413.3998574,62.72273699,63.43549537,1367.783321,7997.148967,,,,,,,,,,,,,,,,,,,,,,,,
Rooks Heath High School,Harrow,3104027,57%, Outstanding , Outstanding ,7244.582043,4197.110423,56.75954592,883.3849329,489.1640867,988.6480908,125.9029928,2.063983488,123.8390093,56.75954592,0,0,179.5665635,7103.199174,,,,,,,,,,,,,,,,,,,,,,,,
Hendon School,Barnet,3025400,79%, Outstanding , Outstanding ,7270.816492,4458.367017,143.8965238,822.9587712,636.2166532,636.2166532,47.6960388,93.77526273,93.77526273,368.6337914,0,75.18189167,177.0412288,7553.759095,,,,,,,,,,,,,,,,,,,,,,,,
Featherstone High School,Ealing,3074031,61%, Outstanding , Outstanding ,7295.157068,3595.549738,236.9109948,893.3246073,443.0628272,575.9162304,135.4712042,162.9581152,136.1256545,446.9895288,0,0,386.1256545,7012.434555,,,,,,,,,,,,,,,,,,,,,,,,
Compton School The,Barnet,3024215,79%, Outstanding , Outstanding ,7375,3735.869565,235.8695652,998.9130435,306.5217391,918.4782609,242.3913043,155.4347826,83.69565217,382.6086957,0,89.13043478,285.8695652,7434.782609,,,,,,,,,,,,,,,,,,,,,,,,
Redden Court School,Havering,3114001,75%, Good , Good ,7466.666667,3626.666667,14.81481481,1445.925926,620.7407407,644.4444444,48.88888889,26.66666667,146.6666667,290.3703704,143.7037037,0,494.8148148,7503.703704,,,,,,,,,,,,,,,,,,,,,,,,
Stockley Academy,Hillingdon,3126905,44%, Req Improve , Req Improve ,7492.492492,3584.584585,158.1581582,997.997998,601.6016016,1012.012012,154.1541542,43.04304304,128.1281281,352.3523524,20.02002002,0,439.4394394,7491.491491,,,,,,,,,,,,,,,,,,,,,,,,
Harefield Academy - Uxbridge,Hillingdon,3126906,58%, Req Improve , Req Improve ,7589.026915,2979.296066,366.4596273,1070.393375,657.3498965,1223.602484,194.6169772,329.1925466,158.3850932,513.4575569,0,0,250.5175983,7743.271222,,,,,,,,,,,,,,,,,,,,,,,,
Charter School The - Southwark,Southwark,2104318,72%, Outstanding , Good ,7595.238095,3817.460317,206.3492063,879.1887125,654.3209877,936.5079365,81.1287478,47.61904762,143.7389771,443.5626102,0,73.19223986,291.8871252,7574.955908,,,,,,,,,,,,,,,,,,,,,,,,
St Paul's Academy - Greenwich,Greenwich,2036905,63%, Good , Good ,7612.204724,4321.850394,0,676.1811024,465.5511811,612.2047244,309.0551181,134.8425197,106.2992126,311.023622,0,129.9212598,148.6220472,7215.551181,,,,,,,,,,,,,,,,,,,,,,,,
Stratford School - Newham,Newham,3165400,60%, Good , Good ,7667.804323,3532.423208,228.668942,773.6063709,411.8316268,1142.207053,79.63594994,164.960182,184.3003413,315.1308305,68.25938567,3.412969283,-102.3890785,6802.047782,,,,,,,,,,,,,,,,,,,,,,,,
Wembley High Technology College,Brent,3044006,92%, Outstanding , Good ,7700.222058,3489.267209,151.7394523,285.7142857,184.3079201,521.0954848,6.66173205,68.0977054,77.72020725,777.2020725,34.78904515,0,630.6439674,6227.239082,,,,,,,,,,,,,,,,,,,,,,,,
Blackfen School for Girls,Bexley,3034008,75%, Good , Good ,7785.975164,4409.788167,120.5259313,0,810.8108108,923.3016801,18.26150475,800.5843682,127.8305332,391.5266618,234.477721,0,403.2140248,8279.766253,,,,,,,,,,,,,,,,,,,,,,,,
Ashcroft Technology Academy,Wandsworth,2126905,67%, Outstanding , Good ,7802.223987,3270.849881,98.49086577,1323.272438,521.0484512,1106.433678,229.5472597,42.89118348,111.1993646,166.7990469,0,2.382843527,307.3868149,7180.301827,,,,,,,,,,,,,,,,,,,,,,,,
Woodcote High School,Croydon,3064031,82%, Req Improve , Req Improve ,7849.489796,4107.993197,96.93877551,579.0816327,482.1428571,960.0340136,46.76870748,58.67346939,119.8979592,120.7482993,79.93197279,43.36734694,266.1564626,6961.734694,,,,,,,,,,,,,,,,,,,,,,,,
Brampton Manor Academy,Newham,3164031,75%, Outstanding , Outstanding ,7952.941176,3584.96732,137.254902,407.8431373,964.7058824,848.3660131,220.9150327,9.150326797,115.0326797,514.379085,0,1.307189542,513.0718954,7316.993464,,,,,,,,,,,,,,,,,,,,,,,,
Kingsdale Foundation School,Southwark,2104265,60%, Good , Good ,8032.890133,4501.749475,183.3449965,183.3449965,400.9797061,647.3058083,23.79286214,116.8649405,142.0573828,520.6438069,34.28971309,0,452.0643807,7206.438069,,,,,,,,,,,,,,,,,,,,,,,,
Harrow High School and Sports College,Harrow,3104033,57%, Good , Good ,8109.78836,4202.380952,666.6666667,1038.359788,1870.37037,1064.814815,97.88359788,3.968253968,138.8888889,142.8571429,0,0,280.4232804,9506.613757,,,,,,,,,,,,,,,,,,,,,,,,
Quest Academy The,Croydon,3066910,62%, Req Improve , Req Improve ,8155.844156,4209.95671,422.0779221,525.974026,679.6536797,1365.800866,168.8311688,103.8961039,311.6883117,350.6493506,0,62.77056277,279.2207792,8480.519481,,,,,,,,,,,,,,,,,,,,,,,,
Capital City Academy,Brent,3046905,44%, Unsatisfactory , Unsatisfactory ,8181.665265,4114.381833,588.7300252,535.744323,539.1084945,1304.457527,216.1480235,354.079058,120.2691337,505.4667788,25.2312868,33.64171573,1113.540791,9450.798991,,,,,,,,,,,,,,,,,,,,,,,,
Chestnut Grove School,Wandsworth,2124328,73%, Outstanding , Good ,8231.359649,4128.289474,164.4736842,725.877193,519.7368421,1004.385965,117.3245614,41.66666667,118.4210526,634.8684211,141.4473684,0,1324.561404,8921.052632,,,,,,,,,,,,,,,,,,,,,,,,
Henrietta Barnett School The,Barnet,3024752,98%, Outstanding , Outstanding ,8233.802817,4767.605634,59.15492958,623.943662,897.1830986,1059.15493,73.23943662,16.90140845,154.9295775,243.6619718,0,0,333.8028169,8229.577465,,,,,,,,,,,,,,,,,,,,,,,,
Greig City Academy,Haringey,3096905,51%, Good , Good ,8327.510917,0,181.6593886,0,374.6724891,593.8864629,51.52838428,119.650655,117.9039301,572.9257642,90.82969432,352.8384279,430.5676856,7984.279476,,,,,,,,,,,,,,,,,,,,,,,,
Totteridge Academy The,Barnet,3024009,45%, Good , Good ,8335.517693,4150.720839,346.0026212,997.378768,703.8007864,778.5058978,128.440367,102.2280472,141.5465269,567.4967235,0,0,427.2608126,8343.381389,,,,,,,,,,,,,,,,,,,,,,,,
Hasmonean High School,Barnet,3025409,91%, Outstanding , Outstanding ,8462.83449,5708.622398,310.2081269,553.0227948,657.086224,1005.946482,-99.10802775,27.75024777,111.9920714,211.1000991,56.49157582,30.7234886,182.3587711,8756.194252,,,,,,,,,,,,,,,,,,,,,,,,
Quintin Kynaston School,Westminster,2134295,54%, Outstanding , Outstanding ,8502.928258,5501.464129,655.9297218,206.4421669,326.5007321,1433.382138,341.1420205,80.52708638,125.9150805,48.31625183,0,0,602.489019,9322.108346,,,,,,,,,,,,,,,,,,,,,,,,
Whitefield School,Barnet,3024012,55%, Good , Good ,8503.234153,4296.248383,0,957.309185,454.0750323,1250.970246,60.80206986,117.7231565,0,658.4734799,0,0,522.6390686,8318.240621,,,,,,,,,,,,,,,,,,,,,,,,
St Marylebone CofE School The,Westminster,2134673,91%, Outstanding , Outstanding ,8586.753731,5132.462687,94.21641791,649.2537313,427.238806,859.141791,84.8880597,36.38059701,100.7462687,651.119403,0,0,413.2462687,8448.69403,,,,,,,,,,,,,,,,,,,,,,,,
Drapers' Academy,Havering,3116905,55%, Good , Good ,8691.507799,4785.095321,284.2287695,1218.370884,639.5147314,1216.637782,216.6377816,84.9220104,223.5701906,405.5459272,0,1.733102253,391.6811092,9467.937608,,,,,,,,,,,,,,,,,,,,,,,,
Platanos College,Lambeth,2084322,75%, Outstanding , Good ,8816.616008,3826.74772,810.5369807,1401.215805,280.6484296,1166.160081,340.4255319,192.5025329,131.7122594,626.1398176,0,0,455.9270517,9232.016211,,,,,,,,,,,,,,,,,,,,,,,,
Feltham Community College,Hounslow,3134023,56%, Good , Req Improve ,8869.895537,4712.250712,70.27540361,1080.721747,982.9059829,962.0132953,106.362773,39.88603989,0,443.4947768,0,29.43969611,170.9401709,8598.290598,,,,,,,,,,,,,,,,,,,,,,,,
Grey Coat Hospital The,Westminster,2134628,86%, Outstanding , Good ,8963.601533,4470.306513,503.8314176,703.0651341,693.48659,1165.708812,112.0689655,154.2145594,153.256705,523.9463602,204.0229885,31.6091954,252.8735632,8968.390805,,,,,,,,,,,,,,,,,,,,,,,,
Clapton Girls' Academy,Hackney,2044302,70%, Outstanding , Outstanding ,9006.566604,3809.56848,430.5816135,866.7917448,799.249531,843.3395872,186.6791745,41.27579737,199.8123827,565.6660413,112.5703565,0,144.4652908,8000,,,,,,,,,,,,,,,,,,,,,,,,
City of London Academy The - Islington,Islington,2066906,60%, Good , Good ,9175.872093,4678.77907,434.5930233,972.3837209,571.2209302,1158.430233,293.6046512,113.372093,161.3372093,591.5697674,0,0,276.1627907,9251.453488,,,,,,,,,,,,,,,,,,,,,,,,
City of London Academy The - Southwark,Southwark,2106905,66%, Good , Good ,9370.23915,0,216.1204606,0,688.2196634,1182.462356,273.6935341,75.28786537,76.17360496,572.1877768,0,70.8591674,1328.609389,9550.044287,,,,,,,,,,,,,,,,,,,,,,,,
Southfields Community College,Wandsworth,2125405,62%, Good , Good ,9478.985507,4000,0,0,59.42028986,2384.057971,0.724637681,24.63768116,218.115942,1181.884058,136.9565217,42.02898551,165.2173913,8213.043478,,,,,,,,,,,,,,,,,,,,,,,,
Woodside High School - Hargingey,Haringey,3094034,61%, Outstanding , Outstanding ,9494.423792,4547.707559,131.3506815,1157.372986,490.7063197,1147.459727,340.7682776,76.82775713,147.4597274,416.3568773,0,59.4795539,317.2242875,8832.713755,,,,,,,,,,,,,,,,,,,,,,,,
Bacon's College,Southwark,2106911,66%, Good , Good ,9508.88681,4366.697848,124.4153414,756.7820393,460.243218,1150.608045,124.4153414,385.4069224,146.8662301,557.5304022,62.67539757,35.54724041,449.9532273,8621.141254,,,,,,,,,,,,,,,,,,,,,,,,
Mossbourne Community Academy,Hackney,2046905,84%, Outstanding , Outstanding ,9674.814815,4875.555556,47.40740741,989.6296296,786.6666667,980.7407407,301.4814815,99.25925926,117.7777778,357.7777778,0,150.3703704,871.1111111,9577.777778,,,,,,,,,,,,,,,,,,,,,,,,
Bethnal Green Academy,Tower Hamlets,2114284,74%, Outstanding , Outstanding ,9788.697789,4147.420147,571.2530713,907.8624079,640.04914,1988.943489,288.6977887,421.3759214,0,352.5798526,0,0,436.1179361,9754.299754,,,,,,,,,,,,,,,,,,,,,,,,
Corelli College,Greenwich,2034243,50%, Req Improve , Req Improve ,9924.911661,3512.367491,0,980.565371,1568.021201,838.3392226,86.57243816,148.409894,147.5265018,1069.787986,0,0,293.2862191,8644.876325,,,,,,,,,,,,,,,,,,,,,,,,
Petchey Academy The,Hackney,2046906,66%, Good , Good ,9925.417076,4405.299313,209.0284593,932.2865554,856.7222767,960.7458292,379.7841021,164.8675172,224.7301276,472.0314033,0,39.25417076,1299.313052,9944.062807,,,,,,,,,,,,,,,,,,,,,,,,
Bridge Academy The - Hackney,Hackney,2046907,61%, Good , Good ,10112.91963,4658.189217,88.50457782,1532.044761,736.5208545,1874.872838,436.4191251,229.9084435,149.5422177,619.5320448,0,101.7293998,1519.837233,11947.10071,,,,,,,,,,,,,,,,,,,,,,,,
Westminster City School,Westminster,2134687,64%, Good , Good ,10244.10541,5314.840499,267.6837725,851.5950069,671.2898752,1355.062413,131.7614424,24.96532594,0,497.9195562,0,0,427.184466,9542.302358,,,,,,,,,,,,,,,,,,,,,,,,
Westminster Academy,Westminster,2136906,69%, Outstanding , Outstanding ,10660.28226,4416.330645,351.8145161,497.983871,584.6774194,1218.75,244.9596774,162.2983871,169.3548387,1647.177419,0,0,658.266129,9951.612903,,,,,,,,,,,,,,,,,,,,,,,,
St Martin in the Fields High School for Girls,Lambeth,2085404,63%, Outstanding , Good ,11200.23015,7258.918297,0,0,202.5316456,1547.756041,1.150747986,0,140.3912543,1784.810127,0,0,-16.11047181,10919.44764,,,,,,,,,,,,,,,,,,,,,,,,